,Unnamed: 0,iso_code,location,date,total_cases,total_deaths,stringency_index,population,gdp_per_capita,human_development_index,Country_RD,Area (sq. mi.),DATE_RD,DATE_CD,Country_CD,European Union,Area (kmÂ²),Population Density,DATE,Week_Num,Month,day,dayz,Dates,Wednesdays,CasesxArea,CasesxPop,DeathsxCases,AreaKM2,PopKM2,Stringency_Indexed,Country,Econ_Block
39,274,AFG,Afghanistan,2020-09-30,39254.0,1458.0,28.7,38928341,1803.987,0.498,Afghanistan,647500.0,2020-09-30,,,,,,2020-09-30,39,Sep,Wednesday,274,20200930,True,,0.0010083656018118,0.0,,,1.0,,All_Others
71,499,ALB,Albania,2020-09-30,13518.0,384.0,43.52,2877800,11803.431,0.785,Albania,28748.0,2020-09-30,2020-09-30,Albania,Candidate,28748.0,101.0,2020-09-30,39,Sep,Wednesday,274,20200930,True,0.4702240155836927,0.0046973382444923,0.0,28748.0,100.10435508557116,2.0,,All_Others
113,793,DZA,Algeria,2020-09-30,51368.0,1726.0,75.93,43851043,13913.839,0.754,Algeria,2381740.0,2020-09-30,,,,,,2020-09-30,39,Sep,Wednesday,274,20200930,True,,0.0011714202556139,0.0,,,4.0,,All_Others
145,1019,AND,Andorra,2020-09-30,1966.0,53.0,50.0,77265,,0.858,Andorra,468.0,2020-09-30,,,,,,2020-09-30,39,Sep,Wednesday,274,20200930,True,,0.0254448974309195,0.0,,,2.0,,All_Others
175,1231,AGO,Angola,2020-09-30,4905.0,179.0,75.0,32866268,5819.495,0.581,Angola,1246700.0,2020-09-30,,,,,,2020-09-30,39,Sep,Wednesday,274,20200930,True,,0.0001492411611808,0.0,,,4.0,,All_Others
204,1438,AIA,Anguilla,2020-09-30,3.0,,,15002,,,Anguilla,102.0,2020-09-30,,,,,,2020-09-30,39,Sep,Wednesday,274,20200930,True,,0.0001999733368884,,,,,,All_Others
234,1652,ATG,Antigua and Barbuda,2020-09-30,101.0,3.0,,97928,21490.943,0.78,Antigua and Barbuda,443.0,2020-09-30,,,,,,2020-09-30,39,Sep,Wednesday,274,20200930,True,,0.0010313699861122,0.0,,,,,All_Others
270,1904,ARG,Argentina,2020-09-30,736596.0,16519.0,87.96,45195777,18933.907,0.825,Argentina,2766890.0,2020-09-30,,,,,,2020-09-30,39,Sep,Wednesday,274,20200930,True,,0.0162978943807072,0.0,,,4.0,,All_Others
312,2198,ARM,Armenia,2020-09-30,49901.0,958.0,,2963234,8787.58,0.755,Armenia,29800.0,2020-09-30,,,,,,2020-09-30,39,Sep,Wednesday,274,20200930,True,,0.0168400470566954,0.0,,,,,All_Others
342,2414,ABW,Aruba,2020-09-30,3934.0,26.0,50.46,106766,35973.781,,Aruba,193.0,2020-09-30,,,,,,2020-09-30,39,Sep,Wednesday,274,20200930,True,,0.0368469362905794,0.0,,,3.0,,All_Others
384,2708,AUS,Australia,2020-09-30,27063.0,882.0,68.06,25499881,44648.71,0.939,Australia,7686850.0,2020-09-30,,,,,,2020-09-30,39,Sep,Wednesday,274,20200930,True,,0.001061299070376,0.0,,,3.0,,All_Others
426,3002,AUT,Austria,2020-09-30,44607.0,796.0,40.74,9006400,45436.686,0.908,Austria,83870.0,2020-09-30,2020-09-30,Austria,Member,83855.0,102.0,2020-09-30,39,Sep,Wednesday,274,20200930,True,0.5319539681593226,0.0049528113341623,0.0,83855.0,107.4044481545525,2.0,Austria,EU
468,3296,AZE,Azerbaijan,2020-09-30,40119.0,590.0,68.98,10139175,15847.419,0.757,Azerbaijan,86600.0,2020-09-30,,,,,,2020-09-30,39,Sep,Wednesday,274,20200930,True,,0.0039568308072402,0.0,,,3.0,,All_Others
498,3512,BHS,Bahamas,2020-09-30,3903.0,91.0,,393248,27717.847,0.807,Bahamas,13940.0,2020-09-30,,,,,,2020-09-30,39,Sep,Wednesday,274,20200930,True,,0.0099250345837741,0.0,,,,,All_Others
540,3806,BHR,Bahrain,2020-09-30,70422.0,246.0,63.89,1701583,43290.705,0.846,Bahrain,665.0,2020-09-30,,,,,,2020-09-30,39,Sep,Wednesday,274,20200930,True,,0.0413861680564509,0.0,,,3.0,,All_Others
573,4037,BGD,Bangladesh,2020-09-30,362043.0,5219.0,80.09,164689383,3523.984,0.608,Bangladesh,144000.0,2020-09-30,,,,,,2020-09-30,39,Sep,Wednesday,274,20200930,True,,0.002198338432053,0.0,,,4.0,,All_Others
604,4253,BRB,Barbados,2020-09-30,190.0,7.0,31.48,287371,16978.068,0.8,Barbados,431.0,2020-09-30,,,,,,2020-09-30,39,Sep,Wednesday,274,20200930,True,,0.000661166227629,0.0,,,2.0,,All_Others
646,4547,BLR,Belarus,2020-09-30,78260.0,828.0,11.11,9449321,17167.967,0.808,Belarus,207600.0,2020-09-30,,,,,,2020-09-30,39,Sep,Wednesday,274,20200930,True,,0.0082820765640197,0.0,,,1.0,,All_Others
688,4841,BEL,Belgium,2020-09-30,125581.0,10021.0,45.37,11589616,42658.576,0.916,Belgium,30528.0,2020-09-30,2020-09-30,Belgium,Member,30528.0,368.0,2020-09-30,39,Sep,Wednesday,274,20200930,True,4.113633385744235,0.0108356480490811,0.1,30528.0,379.6388888888889,2.0,Belgium,EU
718,5049,BLZ,Belize,2020-09-30,1943.0,26.0,72.22,397621,7824.362,0.708,Belize,22966.0,2020-09-30,,,,,,2020-09-30,39,Sep,Wednesday,274,20200930,True,,0.0048865628324459,0.0,,,4.0,,All_Others
749,5266,BEN,Benin,2020-09-30,2340.0,40.0,47.22,12123198,2064.236,0.515,Benin,112620.0,2020-09-30,,,,,,2020-09-30,39,Sep,Wednesday,274,20200930,True,,0.0001930183768342,0.0,,,2.0,,All_Others
779,5480,BMU,Bermuda,2020-09-30,181.0,9.0,31.48,62273,50669.315,,Bermuda,53.0,2020-09-30,,,,,,2020-09-30,39,Sep,Wednesday,274,20200930,True,,0.0029065566136206,0.0,,,2.0,,All_Others
810,5703,BTN,Bhutan,2020-09-30,281.0,,71.3,771612,8708.597,0.612,Bhutan,47000.0,2020-09-30,,,,,,2020-09-30,39,Sep,Wednesday,274,20200930,True,,0.0003641726670917,,,,4.0,,All_Others
841,5925,BOL,Bolivia,2020-09-30,134641.0,7931.0,81.48,11673029,6885.829,0.693,Bolivia,1098580.0,2020-09-30,,,,,,2020-09-30,39,Sep,Wednesday,274,20200930,True,,0.0115343669582248,0.1,,,4.0,,All_Others
869,6126,BES,Bonaire Sint Eustatius and Saba,2020-09-30,106.0,1.0,,26221,,,Bonaire Sint Eustatius and Saba,127.0,2020-09-30,,,,,,2020-09-30,39,Sep,Wednesday,274,20200930,True,,0.0040425613058235,0.0,,,,,All_Others
900,6349,BIH,Bosnia and Herzegovina,2020-09-30,27222.0,836.0,40.74,3280815,11713.895,0.768,Bosnia and Herzegovina,51129.0,2020-09-30,,,,,,2020-09-30,39,Sep,Wednesday,274,20200930,True,,0.0082973285601291,0.0,,,2.0,,All_Others
929,6551,BWA,Botswana,2020-09-30,3172.0,16.0,63.89,2351625,15807.374,0.717,Botswana,600370.0,2020-09-30,,,,,,2020-09-30,39,Sep,Wednesday,274,20200930,True,,0.0013488545154946,0.0,,,3.0,,All_Others
971,6845,BRA,Brazil,2020-09-30,4777522.0,142921.0,,212559409,14103.452,0.759,Brazil,8511965.0,2020-09-30,,,,,,2020-09-30,39,Sep,Wednesday,274,20200930,True,,0.0224761727673038,0.0,,,,Brazil,BRICS
1000,7052,VGB,British Virgin Islands,2020-09-30,71.0,1.0,,30237,,,British Virgin Islands,153.0,2020-09-30,,,,,,2020-09-30,39,Sep,Wednesday,274,20200930,True,,0.0023481165459536,0.0,,,,,All_Others
1031,7275,BRN,Brunei,2020-09-30,146.0,3.0,35.19,437483,71809.251,0.853,Brunei,5770.0,2020-09-30,,,,,,2020-09-30,39,Sep,Wednesday,274,20200930,True,,0.0003337272534018,0.0,,,2.0,,All_Others
1062,7499,BGR,Bulgaria,2020-09-30,20547.0,814.0,35.19,6948445,18563.307,0.813,Bulgaria,110910.0,2020-09-30,2020-09-30,Bulgaria,Member,110994.0,65.0,2020-09-30,39,Sep,Wednesday,274,20200930,True,0.1851181144926753,0.0029570644942861,0.0,110994.0,62.60198749481954,2.0,Bulgaria,EU
1094,7720,BFA,Burkina Faso,2020-09-30,2032.0,58.0,36.11,20903278,1703.102,0.423,Burkina Faso,274200.0,2020-09-30,,,,,,2020-09-30,39,Sep,Wednesday,274,20200930,True,,9.720963381915506e-05,0.0,,,2.0,,All_Others
1123,7922,BDI,Burundi,2020-09-30,506.0,1.0,11.11,11890781,702.225,0.417,Burundi,27830.0,2020-09-30,,,,,,2020-09-30,39,Sep,Wednesday,274,20200930,True,,4.255397521828045e-05,0.0,,,1.0,,All_Others
1165,8216,KHM,Cambodia,2020-09-30,277.0,,37.04,16718971,3645.07,0.582,Cambodia,181040.0,2020-09-30,,,,,,2020-09-30,39,Sep,Wednesday,274,20200930,True,,1.656800529171323e-05,,,,2.0,,All_Others
1196,8439,CMR,Cameroon,2020-09-30,20838.0,418.0,52.78,26545864,3364.926,0.556,Cameroon,475440.0,2020-09-30,,,,,,2020-09-30,39,Sep,Wednesday,274,20200930,True,,0.0007849810426211,0.0,,,3.0,,All_Others
1238,8733,CAN,Canada,2020-09-30,156961.0,9291.0,60.65,37742157,44017.591,0.926,Canada,9984670.0,2020-09-30,,,,,,2020-09-30,39,Sep,Wednesday,274,20200930,True,,0.0041587713177071,0.1,,,3.0,,All_Others
1268,8946,CPV,Cape Verde,2020-09-30,5900.0,59.0,68.98,555988,6222.554,0.654,Cape Verde,4033.0,2020-09-30,,,,,,2020-09-30,39,Sep,Wednesday,274,20200930,True,,0.0106117398217227,0.0,,,3.0,,All_Others
1298,9160,CYM,Cayman Islands,2020-09-30,211.0,1.0,,65720,49903.029,,Cayman Islands,262.0,2020-09-30,,,,,,2020-09-30,39,Sep,Wednesday,274,20200930,True,,0.0032105903834449,0.0,,,,,All_Others
1329,9378,CAF,Central African Republic,2020-09-30,4825.0,62.0,56.48,4829764,661.24,0.367,Central African Republic,622984.0,2020-09-30,,,,,,2020-09-30,39,Sep,Wednesday,274,20200930,True,,0.0009990136164003,0.0,,,3.0,,All_Others
1359,9592,TCD,Chad,2020-09-30,1193.0,85.0,76.85,16425859,1768.153,0.404,Chad,1284000.0,2020-09-30,,,,,,2020-09-30,39,Sep,Wednesday,274,20200930,True,,7.262938273121667e-05,0.1,,,4.0,,All_Others
1392,9821,CHL,Chile,2020-09-30,461300.0,12725.0,83.8,19116209,22767.037,0.843,Chile,756950.0,2020-09-30,,,,,,2020-09-30,39,Sep,Wednesday,274,20200930,True,,0.0241313536590858,0.0,,,4.0,,All_Others
1434,10115,CHN,China,2020-09-30,90528.0,4739.0,54.17,1439323774,15308.712,0.752,China,9596960.0,2020-09-30,,,,,,2020-09-30,39,Sep,Wednesday,274,20200930,True,,6.289620281086248e-05,0.1,,,3.0,China,BRICS
1466,10344,COL,Colombia,2020-09-30,824042.0,25828.0,71.3,50882884,13254.949,0.747,Colombia,1138910.0,2020-09-30,,,,,,2020-09-30,39,Sep,Wednesday,274,20200930,True,,0.0161948760608773,0.0,,,4.0,,All_Others
1490,10515,COM,Comoros,2020-09-30,479.0,7.0,,869595,1413.89,0.503,Comoros,2170.0,2020-09-30,,,,,,2020-09-30,39,Sep,Wednesday,274,20200930,True,,0.0005508311340336,0.0,,,,,All_Others
1521,10733,COG,Congo,2020-09-30,5089.0,89.0,56.48,5518092,4881.406,0.606,Congo,342000.0,2020-09-30,,,,,,2020-09-30,39,Sep,Wednesday,274,20200930,True,,0.0009222390637923,0.0,,,3.0,,All_Others
1553,10959,CRI,Costa Rica,2020-09-30,74604.0,880.0,62.96,5094114,15524.995,0.794,Costa Rica,51100.0,2020-09-30,,,,,,2020-09-30,39,Sep,Wednesday,274,20200930,True,,0.0146451375057566,0.0,,,3.0,,All_Others
1584,11179,CIV,Cote d'Ivoire,2020-09-30,19669.0,120.0,32.41,26378275,3601.006,0.492,Cote d'Ivoire,322460.0,2020-09-30,,,,,,2020-09-30,39,Sep,Wednesday,274,20200930,True,,0.0007456514878247,0.0,,,2.0,,All_Others
1626,11473,HRV,Croatia,2020-09-30,16380.0,275.0,28.7,4105268,22669.797,0.831,Croatia,56542.0,2020-09-30,2020-09-30,Croatia,Member,56594.0,75.0,2020-09-30,39,Sep,Wednesday,274,20200930,True,0.2894299749090009,0.0039899952938517,0.0,56594.0,72.53892638795632,1.0,Croatia,EU
1657,11692,CUB,Cuba,2020-09-30,5531.0,122.0,84.26,11326616,,0.777,Cuba,110860.0,2020-09-30,,,,,,2020-09-30,39,Sep,Wednesday,274,20200930,True,,0.0004883188412143,0.0,,,4.0,,All_Others
1687,11908,CUW,Curacao,2020-09-30,370.0,1.0,,164100,,,Curacao,171.0,2020-09-30,,,,,,2020-09-30,39,Sep,Wednesday,274,20200930,True,,0.0022547227300426,0.0,,,,,All_Others
1718,12130,CYP,Cyprus,2020-09-30,1743.0,22.0,53.7,875899,32415.132,0.869,Cyprus,9250.0,2020-09-30,2020-09-30,Cyprus,Member,9251.0,92.0,2020-09-30,39,Sep,Wednesday,274,20200930,True,0.1884120635606961,0.0019899554629015,0.0,9251.0,94.68154794076317,3.0,Cyprus,EU
1760,12424,CZE,Czech Republic,2020-09-30,67843.0,636.0,38.89,10708982,32605.906,0.888,Czech Republic,78866.0,2020-09-30,2020-09-30,Czech Republic,Member,78866.0,134.0,2020-09-30,39,Sep,Wednesday,274,20200930,True,0.8602312783709076,0.0063351493167137,0.0,78866.0,135.78705652625973,2.0,Czech Republic,EU
1792,12645,COD,Democratic Republic of Congo,2020-09-30,10630.0,271.0,39.81,89561404,808.133,0.457,Democratic Republic of Congo,2345410.0,2020-09-30,,,,,,2020-09-30,39,Sep,Wednesday,274,20200930,True,,0.0001186895194273,0.0,,,2.0,,All_Others
1834,12939,DNK,Denmark,2020-09-30,27464.0,650.0,50.93,5792203,46682.515,0.929,Denmark,43094.0,2020-09-30,2020-09-30,Denmark,Member,43075.0,131.0,2020-09-30,39,Sep,Wednesday,274,20200930,True,0.6375856065002902,0.0047415465238355,0.0,43075.0,134.4678583865351,3.0,Denmark,EU
1864,13154,DJI,Djibouti,2020-09-30,5416.0,61.0,37.96,988002,2705.406,0.476,Djibouti,23000.0,2020-09-30,,,,,,2020-09-30,39,Sep,Wednesday,274,20200930,True,,0.0054817702798172,0.0,,,2.0,,All_Others
1894,13365,DMA,Dominica,2020-09-30,24.0,,25.0,71991,9673.367,0.715,Dominica,754.0,2020-09-30,,,,,,2020-09-30,39,Sep,Wednesday,274,20200930,True,,0.0003333750052089,,,,1.0,,All_Others
1936,13659,DOM,Dominican Republic,2020-09-30,111900.0,2101.0,75.93,10847904,14600.861,0.736,Dominican Republic,48730.0,2020-09-30,,,,,,2020-09-30,39,Sep,Wednesday,274,20200930,True,,0.0103153567730687,0.0,,,4.0,,All_Others
1978,13953,ECU,Ecuador,2020-09-30,135749.0,11312.0,48.61,17643060,10581.936,0.752,Ecuador,283560.0,2020-09-30,,,,,,2020-09-30,39,Sep,Wednesday,274,20200930,True,,0.0076941868360703,0.1,,,2.0,,All_Others
2020,14247,EGY,Egypt,2020-09-30,103079.0,5914.0,62.96,102334403,10550.206,0.696,Egypt,1001450.0,2020-09-30,,,,,,2020-09-30,39,Sep,Wednesday,274,20200930,True,,0.0010072761161268,0.1,,,3.0,,All_Others
2050,14462,SLV,El Salvador,2020-09-30,28981.0,843.0,52.78,6486201,7292.458,0.674,El Salvador,21040.0,2020-09-30,,,,,,2020-09-30,39,Sep,Wednesday,274,20200930,True,,0.0044681008189539,0.0,,,3.0,,All_Others
2081,14681,GNQ,Equatorial Guinea,2020-09-30,5030.0,83.0,,1402985,22604.873,0.591,Equatorial Guinea,28051.0,2020-09-30,,,,,,2020-09-30,39,Sep,Wednesday,274,20200930,True,,0.0035852129566602,0.0,,,,,All_Others
2111,14893,ERI,Eritrea,2020-09-30,375.0,,86.11,3546427,1510.459,0.44,Eritrea,121320.0,2020-09-30,,,,,,2020-09-30,39,Sep,Wednesday,274,20200930,True,,0.0001057402281225,,,,4.0,,All_Others
2153,15187,EST,Estonia,2020-09-30,3315.0,64.0,22.22,1326539,29481.252,0.871,Estonia,45226.0,2020-09-30,2020-09-30,Estonia,Member,45227.0,29.0,2020-09-30,39,Sep,Wednesday,274,20200930,True,0.0732969244035642,0.0024989841987306,0.0,45227.0,29.33068742123068,1.0,Estonia,EU
2184,15408,ETH,Ethiopia,2020-09-30,74584.0,1191.0,77.78,114963583,1729.927,0.463,Ethiopia,1127127.0,2020-09-30,,,,,,2020-09-30,39,Sep,Wednesday,274,20200930,True,,0.0006487619649084,0.0,,,4.0,,All_Others
2216,15636,FRO,Faeroe Islands,2020-09-30,463.0,,,48865,,,Faeroe Islands,1399.0,2020-09-30,,,,,,2020-09-30,39,Sep,Wednesday,274,20200930,True,,0.0094750844162488,,,,,,All_Others
2244,15835,FLK,Falkland Islands,2020-09-30,13.0,,,3483,,,Falkland Islands,4700.0,2020-09-30,,,,,,2020-09-30,39,Sep,Wednesday,274,20200930,True,,0.0037324145851277,,,,,,All_Others
2281,16099,FJI,Fiji,2020-09-30,32.0,2.0,48.15,896444,8702.975,0.741,Fiji,18270.0,2020-09-30,,,,,,2020-09-30,39,Sep,Wednesday,274,20200930,True,,3.5696596775704894e-05,0.1,,,2.0,,All_Others
2323,16393,FIN,Finland,2020-09-30,9892.0,343.0,32.41,5540718,40585.721,0.92,Finland,338145.0,2020-09-30,2020-09-30,Finland,Member,338424.0,16.0,2020-09-30,39,Sep,Wednesday,274,20200930,True,0.0292296054653334,0.0017853281830982,0.0,338424.0,16.372118998652578,2.0,Finland,EU
2365,16687,FRA,France,2020-09-30,550690.0,31893.0,46.76,65273512,38605.671,0.901,France,547030.0,2020-09-30,2020-09-30,France,Member,549087.0,121.0,2020-09-30,39,Sep,Wednesday,274,20200930,True,1.0029193916446757,0.008436653446807,0.1,549087.0,118.87644763033909,2.0,France,EU
2395,16902,PYF,French Polynesia,2020-09-30,1666.0,7.0,,280904,,,French Polynesia,4167.0,2020-09-30,,,,,,2020-09-30,39,Sep,Wednesday,274,20200930,True,,0.0059308518212627,0.0,,,,,All_Others
2426,17122,GAB,Gabon,2020-09-30,8752.0,54.0,66.67,2225728,16562.413,0.702,Gabon,267667.0,2020-09-30,,,,,,2020-09-30,39,Sep,Wednesday,274,20200930,True,,0.0039321965666963,0.0,,,3.0,,All_Others
2457,17338,GMB,Gambia,2020-09-30,3579.0,112.0,75.93,2416664,1561.767,0.46,Gambia,11300.0,2020-09-30,,,,,,2020-09-30,39,Sep,Wednesday,274,20200930,True,,0.001480967151412,0.0,,,4.0,,All_Others
2499,17632,GEO,Georgia,2020-09-30,5866.0,33.0,60.19,3989175,9745.079,0.78,Georgia,69700.0,2020-09-30,,,,,,2020-09-30,39,Sep,Wednesday,274,20200930,True,,0.0014704794851065,0.0,,,3.0,,All_Others
2541,17926,DEU,Germany,2020-09-30,289219.0,9488.0,49.54,83783945,45229.245,0.936,Germany,357021.0,2020-09-30,2020-09-30,Germany,Member,357021.0,227.0,2020-09-30,39,Sep,Wednesday,274,20200930,True,0.8100896025723977,0.0034519620674342,0.0,357021.0,234.6751171499716,2.0,Germany,EU
2572,18146,GHA,Ghana,2020-09-30,46482.0,301.0,44.44,31072945,4227.63,0.592,Ghana,239460.0,2020-09-30,,,,,,2020-09-30,39,Sep,Wednesday,274,20200930,True,,0.0014958994070243,0.0,,,2.0,,All_Others
2602,18360,GIB,Gibraltar,2020-09-30,391.0,,,33691,,,Gibraltar,7.0,2020-09-30,,,,,,2020-09-30,39,Sep,Wednesday,274,20200930,True,,0.0116054732717936,,,,,,All_Others
2644,18654,GRC,Greece,2020-09-30,18123.0,388.0,46.76,10423056,24574.382,0.87,Greece,131940.0,2020-09-30,2020-09-30,Greece,Member,131990.0,82.0,2020-09-30,39,Sep,Wednesday,274,20200930,True,0.1373058565042806,0.0017387414976951,0.0,131990.0,78.96852791878173,2.0,Greece,EU
2674,18868,GRL,Greenland,2020-09-30,14.0,,33.33,56772,,,Greenland,2166086.0,2020-09-30,,,,,,2020-09-30,39,Sep,Wednesday,274,20200930,True,,0.000246600436835,,,,2.0,,All_Others
2704,19079,GRD,Grenada,2020-09-30,24.0,,,112519,13593.877,0.772,Grenada,344.0,2020-09-30,,,,,,2020-09-30,39,Sep,Wednesday,274,20200930,True,,0.0002132973097876,,,,,,All_Others
2734,19294,GUM,Guam,2020-09-30,2443.0,47.0,66.67,168783,,,Guam,541.0,2020-09-30,,,,,,2020-09-30,39,Sep,Wednesday,274,20200930,True,,0.0144742065255387,0.0,,,3.0,,All_Others
2769,19540,GTM,Guatemala,2020-09-30,90968.0,3238.0,67.59,17915567,7423.808,0.65,Guatemala,108890.0,2020-09-30,,,,,,2020-09-30,39,Sep,Wednesday,274,20200930,True,,0.0050775953672021,0.0,,,3.0,,All_Others
2799,19754,GGY,Guernsey,2020-09-30,256.0,13.0,,67052,,,Guernsey,78.0,2020-09-30,,,,,,2020-09-30,39,Sep,Wednesday,274,20200930,True,,0.0038179323510111,0.1,,,,,All_Others
2830,19973,GIN,Guinea,2020-09-30,10634.0,66.0,55.09,13132792,1998.926,0.459,Guinea,245857.0,2020-09-30,,,,,,2020-09-30,39,Sep,Wednesday,274,20200930,True,,0.000809728807096,0.0,,,3.0,,All_Others
2859,20180,GNB,Guinea-Bissau,2020-09-30,2324.0,39.0,,1967998,1548.675,0.455,Guinea-Bissau,36120.0,2020-09-30,,,,,,2020-09-30,39,Sep,Wednesday,274,20200930,True,,0.0011808955090401,0.0,,,,,All_Others
2890,20399,GUY,Guyana,2020-09-30,2846.0,78.0,79.17,786559,7435.047,0.654,Guyana,214970.0,2020-09-30,,,,,,2020-09-30,39,Sep,Wednesday,274,20200930,True,,0.0036182918255337,0.0,,,4.0,,All_Others
2920,20613,HTI,Haiti,2020-09-30,8747.0,229.0,43.52,11402533,1653.173,0.498,Haiti,27750.0,2020-09-30,,,,,,2020-09-30,39,Sep,Wednesday,274,20200930,True,,0.0007671102552389,0.0,,,2.0,,All_Others
2951,20833,HND,Honduras,2020-09-30,76098.0,2323.0,84.26,9904608,4541.795,0.617,Honduras,112090.0,2020-09-30,,,,,,2020-09-30,39,Sep,Wednesday,274,20200930,True,,0.0076830905372529,0.0,,,4.0,,All_Others
2958,20890,HKG,Hong Kong,2020-09-30,,,59.26,7496988,56054.92,0.933,Hong Kong,1092.0,2020-09-30,,,,,,2020-09-30,39,Sep,Wednesday,274,20200930,True,,,,,,3.0,,All_Others
2990,21114,HUN,Hungary,2020-09-30,26461.0,765.0,40.74,9660350,26777.561,0.838,Hungary,93030.0,2020-09-30,2020-09-30,Hungary,Member,93030.0,106.0,2020-09-30,39,Sep,Wednesday,274,20200930,True,0.2844351284531871,0.00273913471044,0.0,93030.0,103.84123401053424,2.0,Hungary,EU
3032,21408,ISL,Iceland,2020-09-30,2695.0,10.0,31.48,341250,46482.958,0.935,Iceland,103000.0,2020-09-30,2020-09-30,Iceland,,102775.0,3.0,2020-09-30,39,Sep,Wednesday,274,20200930,True,0.0262223303332522,0.0078974358974358,0.0,102775.0,3.320360009729993,2.0,,All_Others
3074,21702,IND,India,2020-09-30,6225763.0,97497.0,73.61,1380004385,6426.674,0.64,India,3287590.0,2020-09-30,,,,,,2020-09-30,39,Sep,Wednesday,274,20200930,True,,0.0045114081286053,0.0,,,4.0,India,BRICS
3116,21996,IDN,Indonesia,2020-09-30,282724.0,10601.0,68.98,273523621,11188.744,0.694,Indonesia,1919440.0,2020-09-30,,,,,,2020-09-30,39,Sep,Wednesday,274,20200930,True,,0.0010336365062964,0.0,,,3.0,,All_Others
3158,22290,IRN,Iran,2020-09-30,453637.0,25986.0,54.63,83992953,19082.62,0.798,Iran,1648000.0,2020-09-30,,,,,,2020-09-30,39,Sep,Wednesday,274,20200930,True,,0.0054008935725834,0.1,,,3.0,,All_Others
3200,22584,IRQ,Iraq,2020-09-30,358290.0,9122.0,73.15,40222503,15663.986,0.685,Iraq,437072.0,2020-09-30,,,,,,2020-09-30,39,Sep,Wednesday,274,20200930,True,,0.0089077002492858,0.0,,,4.0,,All_Others
3242,22878,IRL,Ireland,2020-09-30,35740.0,1803.0,52.31,4937796,67335.293,0.938,Ireland,70280.0,2020-09-30,2020-09-30,Ireland,Member,70273.0,66.0,2020-09-30,39,Sep,Wednesday,274,20200930,True,0.5085879356225008,0.0072380470963158,0.1,70273.0,70.26590582442759,3.0,Ireland,EU
3272,23091,IMN,Isle of Man,2020-09-30,340.0,24.0,0.0,85032,,,Isle of Man,572.0,2020-09-30,,,,,,2020-09-30,39,Sep,Wednesday,274,20200930,True,,0.0039984946843541,0.1,,,0.0,,All_Others
3314,23385,ISR,Israel,2020-09-30,236926.0,1528.0,85.19,8655541,33132.32,0.903,Israel,20770.0,2020-09-30,,,,,,2020-09-30,39,Sep,Wednesday,274,20200930,True,,0.027372754631975,0.0,,,4.0,,All_Others
3356,23679,ITA,Italy,2020-09-30,313011.0,35875.0,43.52,60461828,35220.084,0.88,Italy,301230.0,2020-09-30,2020-09-30,Italy,Member,301338.0,202.0,2020-09-30,39,Sep,Wednesday,274,20200930,True,1.038737231945523,0.0051770019259093,0.1,301338.0,200.6445519649032,2.0,Italy,EU
3387,23900,JAM,Jamaica,2020-09-30,6382.0,100.0,78.7,2961161,8193.571,0.732,Jamaica,10991.0,2020-09-30,,,,,,2020-09-30,39,Sep,Wednesday,274,20200930,True,,0.0021552357335518,0.0,,,4.0,,All_Others
3429,24194,JPN,Japan,2020-09-30,83010.0,1564.0,31.48,126476458,39002.223,0.909,Japan,377835.0,2020-09-30,,,,,,2020-09-30,39,Sep,Wednesday,274,20200930,True,,0.0006563276779936,0.0,,,2.0,,All_Others
3459,24408,JEY,Jersey,2020-09-30,409.0,32.0,0.0,101073,,,Jersey,116.0,2020-09-30,,,,,,2020-09-30,39,Sep,Wednesday,274,20200930,True,,0.0040465801945128,0.1,,,0.0,,All_Others
3491,24635,JOR,Jordan,2020-09-30,10049.0,57.0,63.89,10203140,8337.49,0.735,Jordan,92300.0,2020-09-30,,,,,,2020-09-30,39,Sep,Wednesday,274,20200930,True,,0.0009848928859155,0.0,,,3.0,,All_Others
3522,24856,KAZ,Kazakhstan,2020-09-30,140707.0,2078.0,78.7,18776707,24055.588,0.8,Kazakhstan,2717300.0,2020-09-30,,,,,,2020-09-30,39,Sep,Wednesday,274,20200930,True,,0.0074936995075867,0.0,,,4.0,,All_Others
3554,25084,KEN,Kenya,2020-09-30,38378.0,707.0,67.59,53771300,2993.028,0.59,Kenya,582650.0,2020-09-30,,,,,,2020-09-30,39,Sep,Wednesday,274,20200930,True,,0.0007137264674649,0.0,,,3.0,,All_Others
3585,25304,OWID_KOS,Kosovo,2020-09-30,15574.0,625.0,58.33,1932774,9795.834,0.0,Kosovo,4204.0,2020-09-30,,,,,,2020-09-30,39,Sep,Wednesday,274,20200930,True,,0.0080578484602959,0.0,,,3.0,,All_Others
3627,25598,KWT,Kuwait,2020-09-30,104568.0,607.0,65.74,4270563,65530.537,0.803,Kuwait,17820.0,2020-09-30,,,,,,2020-09-30,39,Sep,Wednesday,274,20200930,True,,0.0244857645233192,0.0,,,3.0,,All_Others
3657,25813,KGZ,Kyrgyzstan,2020-09-30,46669.0,1064.0,67.13,6524191,3393.474,0.672,Kyrgyzstan,198500.0,2020-09-30,,,,,,2020-09-30,39,Sep,Wednesday,274,20200930,True,,0.0071532240549058,0.0,,,3.0,,All_Others
3687,26022,LAO,Laos,2020-09-30,23.0,0.0,32.41,7275556,6397.36,0.601,Laos,236800.0,2020-09-30,,,,,,2020-09-30,39,Sep,Wednesday,274,20200930,True,,3.161270423868636e-06,0.0,,,2.0,,All_Others
3720,26256,LVA,Latvia,2020-09-30,1729.0,37.0,42.59,1886202,25063.846,0.847,Latvia,64589.0,2020-09-30,2020-09-30,Latvia,Member,64589.0,31.0,2020-09-30,39,Sep,Wednesday,274,20200930,True,0.0267692641161807,0.0009166568585973,0.0,64589.0,29.203146046540432,2.0,Latvia,EU
3762,26550,LBN,Lebanon,2020-09-30,38377.0,361.0,59.26,6825442,13367.565,0.757,Lebanon,10400.0,2020-09-30,,,,,,2020-09-30,39,Sep,Wednesday,274,20200930,True,,0.0056226395301579,0.0,,,3.0,,All_Others
3784,26708,LSO,Lesotho,2020-09-30,1576.0,35.0,59.26,2142252,2851.153,0.52,Lesotho,30355.0,2020-09-30,,,,,,2020-09-30,39,Sep,Wednesday,274,20200930,True,,0.0007356744211231,0.0,,,3.0,,All_Others
3815,26925,LBR,Liberia,2020-09-30,1343.0,82.0,60.19,5057677,752.788,0.435,Liberia,111370.0,2020-09-30,,,,,,2020-09-30,39,Sep,Wednesday,274,20200930,True,,0.0002655369253513,0.1,,,3.0,,All_Others
3848,27155,LBY,Libya,2020-09-30,34014.0,540.0,86.11,6871287,17881.509,0.706,Libya,1759540.0,2020-09-30,,,,,,2020-09-30,39,Sep,Wednesday,274,20200930,True,,0.0049501643578561,0.0,,,4.0,,All_Others
3880,27379,LIE,Liechtenstein,2020-09-30,120.0,1.0,0.0,38137,,0.916,Liechtenstein,160.0,2020-09-30,2020-09-30,Liechtenstein,,160.0,234.0,2020-09-30,39,Sep,Wednesday,274,20200930,True,0.75,0.0031465505939114,0.0,160.0,238.35625,0.0,,All_Others
3922,27673,LTU,Lithuania,2020-09-30,4578.0,92.0,19.44,2722291,29524.265,0.858,Lithuania,65200.0,2020-09-30,2020-09-30,Lithuania,Member,65200.0,45.0,2020-09-30,39,Sep,Wednesday,274,20200930,True,0.0702147239263803,0.0016816717977615,0.0,65200.0,41.75292944785276,1.0,Lithuania,EU
3964,27967,LUX,Luxembourg,2020-09-30,8431.0,124.0,43.52,625976,94277.965,0.904,Luxembourg,2586.0,2020-09-30,2020-09-30,Luxembourg,Member,2586.0,218.0,2020-09-30,39,Sep,Wednesday,274,20200930,True,3.260247486465584,0.0134685674850154,0.0,2586.0,242.06341840680588,2.0,Luxembourg,EU
4006,28261,MKD,Macedonia,2020-09-30,17786.0,737.0,,2083380,13111.214,0.757,Macedonia,25333.0,2020-09-30,2020-09-30,Macedonia,Candidate,25713.0,80.0,2020-09-30,39,Sep,Wednesday,274,20200930,True,0.6917123633959475,0.0085370887692115,0.0,25713.0,81.02438455256096,,,All_Others
4036,28474,MDG,Madagascar,2020-09-30,16377.0,229.0,56.48,27691019,1416.44,0.519,Madagascar,587040.0,2020-09-30,,,,,,2020-09-30,39,Sep,Wednesday,274,20200930,True,,0.0005914191890157,0.0,,,3.0,,All_Others
4065,28679,MWI,Malawi,2020-09-30,5772.0,179.0,54.63,19129955,1095.042,0.477,Malawi,118480.0,2020-09-30,,,,,,2020-09-30,39,Sep,Wednesday,274,20200930,True,,0.0003017257489628,0.0,,,3.0,,All_Others
4107,28973,MYS,Malaysia,2020-09-30,11135.0,134.0,50.93,32365998,26808.164,0.802,Malaysia,329750.0,2020-09-30,,,,,,2020-09-30,39,Sep,Wednesday,274,20200930,True,,0.0003440338839543,0.0,,,3.0,,All_Others
4139,29197,MDV,Maldives,2020-09-30,10194.0,34.0,,540542,15183.616,0.717,Maldives,300.0,2020-09-30,,,,,,2020-09-30,39,Sep,Wednesday,274,20200930,True,,0.0188588490811074,0.0,,,,,All_Others
4168,29405,MLI,Mali,2020-09-30,3090.0,130.0,39.81,20250834,2014.306,0.427,Mali,1240000.0,2020-09-30,,,,,,2020-09-30,39,Sep,Wednesday,274,20200930,True,,0.0001525863082972,0.0,,,2.0,,All_Others
4204,29662,MLT,Malta,2020-09-30,3035.0,34.0,,441539,36513.323,0.878,Malta,316.0,2020-09-30,2020-09-30,Malta,Member,316.0,1359.0,2020-09-30,39,Sep,Wednesday,274,20200930,True,9.604430379746836,0.0068736849972482,0.0,316.0,1397.2753164556962,,Malta,EU
4235,29881,MRT,Mauritania,2020-09-30,7474.0,161.0,13.89,4649660,3597.633,0.52,Mauritania,1030700.0,2020-09-30,,,,,,2020-09-30,39,Sep,Wednesday,274,20200930,True,,0.0016074293604263,0.0,,,1.0,,All_Others
4265,30095,MUS,Mauritius,2020-09-30,381.0,10.0,22.22,1271767,20292.745,0.79,Mauritius,2040.0,2020-09-30,,,,,,2020-09-30,39,Sep,Wednesday,274,20200930,True,,0.0002995831783652,0.0,,,1.0,,All_Others
4307,30389,MEX,Mexico,2020-09-30,784074.0,77163.0,73.61,128932753,17336.469,0.774,Mexico,1972550.0,2020-09-30,,,,,,2020-09-30,39,Sep,Wednesday,274,20200930,True,,0.0060812631527382,0.1,,,4.0,,All_Others
4339,30613,MDA,Moldova,2020-09-30,52029.0,1310.0,46.3,4033963,5189.972,0.7,Moldova,33843.0,2020-09-30,,,,,,2020-09-30,39,Sep,Wednesday,274,20200930,True,,0.0128977385266052,0.0,,,2.0,,All_Others
4381,30907,MCO,Monaco,2020-09-30,214.0,1.0,,39244,,,Monaco,2.0,2020-09-30,,,,,,2020-09-30,39,Sep,Wednesday,274,20200930,True,,0.0054530628885944,0.0,,,,,All_Others
4412,31127,MNG,Mongolia,2020-09-30,313.0,,42.59,3278292,11840.846,0.741,Mongolia,1564116.0,2020-09-30,,,,,,2020-09-30,39,Sep,Wednesday,274,20200930,True,,9.547654693358615e-05,,,,2.0,,All_Others
4443,31343,MNE,Montenegro,2020-09-30,10575.0,164.0,,628062,16409.288,0.814,Montenegro,5333.0,2020-09-30,2020-09-30,Montenegro,Candidate,13812.0,45.0,2020-09-30,39,Sep,Wednesday,274,20200930,True,0.7656385751520417,0.0168375096726119,0.0,13812.0,45.47219808861859,,,All_Others
4473,31556,MSR,Montserrat,2020-09-30,13.0,1.0,,4999,,,Montserrat,102.0,2020-09-30,,,,,,2020-09-30,39,Sep,Wednesday,274,20200930,True,,0.0026005201040208,0.1,,,,,All_Others
4509,31812,MAR,Morocco,2020-09-30,121183.0,2152.0,65.74,36910558,7485.013,0.667,Morocco,446550.0,2020-09-30,,,,,,2020-09-30,39,Sep,Wednesday,274,20200930,True,,0.003283152749953,0.0,,,3.0,,All_Others
4539,32023,MOZ,Mozambique,2020-09-30,8556.0,59.0,62.04,31255435,1136.103,0.437,Mozambique,801590.0,2020-09-30,,,,,,2020-09-30,39,Sep,Wednesday,274,20200930,True,,0.0002737443903756,0.0,,,3.0,,All_Others
4569,32235,MMR,Myanmar,2020-09-30,12425.0,284.0,81.02,54409794,5591.597,0.578,Myanmar,678500.0,2020-09-30,,,,,,2020-09-30,39,Sep,Wednesday,274,20200930,True,,0.0002283596221665,0.0,,,4.0,,All_Others
4600,32454,NAM,Namibia,2020-09-30,11140.0,121.0,56.48,2540916,9541.808,0.647,Namibia,825418.0,2020-09-30,,,,,,2020-09-30,39,Sep,Wednesday,274,20200930,True,,0.0043842456814786,0.0,,,3.0,,All_Others
4642,32748,NPL,Nepal,2020-09-30,76258.0,491.0,76.85,29136808,2442.804,0.574,Nepal,147181.0,2020-09-30,,,,,,2020-09-30,39,Sep,Wednesday,274,20200930,True,,0.0026172393352078,0.0,,,4.0,,All_Others
4684,33042,NLD,Netherlands,2020-09-30,117420.0,6384.0,58.33,17134873,48472.545,0.931,Netherlands,41526.0,2020-09-30,2020-09-30,Netherlands,Member,41543.0,407.0,2020-09-30,39,Sep,Wednesday,274,20200930,True,2.8264689598729027,0.0068526915839994,0.1,41543.0,412.4611366535879,3.0,Netherlands,EU
4714,33255,NCL,New Caledonia,2020-09-30,27.0,,,285491,,,New Caledonia,19060.0,2020-09-30,,,,,,2020-09-30,39,Sep,Wednesday,274,20200930,True,,9.457390951028228e-05,,,,,,All_Others
4756,33549,NZL,New Zealand,2020-09-30,1480.0,25.0,31.94,4822233,36085.843,0.917,New Zealand,268680.0,2020-09-30,,,,,,2020-09-30,39,Sep,Wednesday,274,20200930,True,,0.0003069117564414,0.0,,,2.0,,All_Others
4786,33764,NIC,Nicaragua,2020-09-30,5170.0,151.0,11.11,6624554,5321.444,0.658,Nicaragua,129494.0,2020-09-30,,,,,,2020-09-30,39,Sep,Wednesday,274,20200930,True,,0.0007804298976202,0.0,,,1.0,,All_Others
4816,33977,NER,Niger,2020-09-30,1196.0,69.0,11.11,24206636,926.0,0.354,Niger,1267000.0,2020-09-30,,,,,,2020-09-30,39,Sep,Wednesday,274,20200930,True,,4.940793921137989e-05,0.1,,,1.0,,All_Others
4858,34271,NGA,Nigeria,2020-09-30,58647.0,1111.0,48.15,206139587,5338.454,0.532,Nigeria,923768.0,2020-09-30,,,,,,2020-09-30,39,Sep,Wednesday,274,20200930,True,,0.0002845013946787,0.0,,,2.0,,All_Others
4887,34474,MNP,Northern Mariana Islands,2020-09-30,70.0,2.0,,57557,,,Northern Mariana Islands,477.0,2020-09-30,,,,,,2020-09-30,39,Sep,Wednesday,274,20200930,True,,0.0012161856941814,0.0,,,,,All_Others
4929,34768,NOR,Norway,2020-09-30,13788.0,274.0,28.7,5421242,64800.057,0.953,Norway,323802.0,2020-09-30,2020-09-30,Norway,,385178.0,13.0,2020-09-30,39,Sep,Wednesday,274,20200930,True,0.0357964369719973,0.0025433286320736,0.0,385178.0,14.074640815415211,1.0,,All_Others
4971,35062,OMN,Oman,2020-09-30,98585.0,935.0,86.11,5106622,37960.709,0.821,Oman,212460.0,2020-09-30,,,,,,2020-09-30,39,Sep,Wednesday,274,20200930,True,,0.0193053255165547,0.0,,,4.0,,All_Others
5013,35356,PAK,Pakistan,2020-09-30,312263.0,6479.0,37.5,220892331,5034.708,0.562,Pakistan,803940.0,2020-09-30,,,,,,2020-09-30,39,Sep,Wednesday,274,20200930,True,,0.0014136434641544,0.0,,,2.0,,All_Others
5045,35583,PSE,Palestine,2020-09-30,50115.0,360.0,82.41,5101416,4449.898,0.686,Palestine,2402.0,2020-09-30,,,,,,2020-09-30,39,Sep,Wednesday,274,20200930,True,,0.0098237430548694,0.0,,,4.0,,All_Others
5077,35808,PAN,Panama,2020-09-30,111853.0,2364.0,87.04,4314768,22267.037,0.789,Panama,78200.0,2020-09-30,,,,,,2020-09-30,39,Sep,Wednesday,274,20200930,True,,0.0259232941377149,0.0,,,4.0,,All_Others
5107,36021,PNG,Papua New Guinea,2020-09-30,534.0,7.0,25.0,8947027,3823.194,0.544,Papua New Guinea,462840.0,2020-09-30,,,,,,2020-09-30,39,Sep,Wednesday,274,20200930,True,,5.968463043645672e-05,0.0,,,1.0,,All_Others
5139,36248,PRY,Paraguay,2020-09-30,40101.0,841.0,81.48,7132530,8827.01,0.702,Paraguay,406750.0,2020-09-30,,,,,,2020-09-30,39,Sep,Wednesday,274,20200930,True,,0.0056222686760518,0.0,,,4.0,,All_Others
5172,36483,PER,Peru,2020-09-30,811768.0,32396.0,85.19,32971846,12236.706,0.75,Peru,1285220.0,2020-09-30,,,,,,2020-09-30,39,Sep,Wednesday,274,20200930,True,,0.024620034923128,0.0,,,4.0,,All_Others
5214,36777,PHL,Philippines,2020-09-30,309303.0,5448.0,54.63,109581085,7599.188,0.699,Philippines,300000.0,2020-09-30,,,,,,2020-09-30,39,Sep,Wednesday,274,20200930,True,,0.0028225947936178,0.0,,,3.0,,All_Others
5247,37005,POL,Poland,2020-09-30,89962.0,2483.0,19.44,37846605,27216.445,0.865,Poland,312685.0,2020-09-30,2020-09-30,Poland,Member,312685.0,122.0,2020-09-30,39,Sep,Wednesday,274,20200930,True,0.2877080768185234,0.0023770163796726,0.0,312685.0,121.03748181076804,1.0,Poland,EU
5280,37238,PRT,Portugal,2020-09-30,74717.0,1963.0,58.8,10196707,27936.896,0.847,Portugal,92391.0,2020-09-30,2020-09-30,Portugal,Member,92390.0,112.0,2020-09-30,39,Sep,Wednesday,274,20200930,True,0.8087130641844356,0.0073275617314491,0.0,92390.0,110.36591622469965,3.0,Portugal,EU
5309,37444,PRI,Puerto Rico,2020-09-30,48467.0,654.0,70.37,2860840,35044.67,,Puerto Rico,13790.0,2020-09-30,,,,,,2020-09-30,39,Sep,Wednesday,274,20200930,True,,0.0169415276632038,0.0,,,4.0,,All_Others
5351,37738,QAT,Qatar,2020-09-30,125533.0,214.0,64.81,2881060,116935.6,0.856,Qatar,11437.0,2020-09-30,,,,,,2020-09-30,39,Sep,Wednesday,274,20200930,True,,0.0435718103753479,0.0,,,3.0,,All_Others
5393,38032,ROU,Romania,2020-09-30,125414.0,4792.0,43.52,19237682,23313.199,0.811,Romania,237500.0,2020-09-30,2020-09-30,Romania,Member,238391.0,83.0,2020-09-30,39,Sep,Wednesday,274,20200930,True,0.5260852968442601,0.0065191845878313,0.0,238391.0,80.69802131791889,2.0,Romania,EU
5435,38326,RUS,Russia,2020-09-30,1167805.0,20545.0,40.74,145934460,24765.954,0.816,Russia,17075200.0,2020-09-30,,,,,,2020-09-30,39,Sep,Wednesday,274,20200930,True,,0.0080022566294485,0.0,,,2.0,Russia,BRICS
5466,38545,RWA,Rwanda,2020-09-30,4836.0,29.0,75.93,12952209,1854.211,0.524,Rwanda,26338.0,2020-09-30,,,,,,2020-09-30,39,Sep,Wednesday,274,20200930,True,,0.0003733726038546,0.0,,,4.0,,All_Others
5495,38753,KNA,Saint Kitts and Nevis,2020-09-30,19.0,,,53192,24654.385,0.778,Saint Kitts and Nevis,261.0,2020-09-30,,,,,,2020-09-30,39,Sep,Wednesday,274,20200930,True,,0.0003571965709129,,,,,,All_Others
5526,38972,LCA,Saint Lucia,2020-09-30,27.0,,,183629,12951.839,0.747,Saint Lucia,616.0,2020-09-30,,,,,,2020-09-30,39,Sep,Wednesday,274,20200930,True,,0.0001470355989522,,,,,,All_Others
5556,39188,VCT,Saint Vincent and the Grenadines,2020-09-30,64.0,,,110947,10727.146,0.723,Saint Vincent and the Grenadines,389.0,2020-09-30,,,,,,2020-09-30,39,Sep,Wednesday,274,20200930,True,,0.0005768520104193,,,,,,All_Others
5598,39482,SMR,San Marino,2020-09-30,727.0,42.0,25.93,33938,56861.47,,San Marino,61.0,2020-09-30,,,,,,2020-09-30,39,Sep,Wednesday,274,20200930,True,,0.0214214155224232,0.1,,,1.0,,All_Others
5625,39676,STP,Sao Tome and Principe,2020-09-30,911.0,15.0,,219161,3052.714,0.589,Sao Tome and Principe,1001.0,2020-09-30,,,,,,2020-09-30,39,Sep,Wednesday,274,20200930,True,,0.0041567614675968,0.0,,,,,All_Others
5658,39908,SAU,Saudi Arabia,2020-09-30,334187.0,4739.0,57.41,34813867,49045.411,0.853,Saudi Arabia,1960582.0,2020-09-30,,,,,,2020-09-30,39,Sep,Wednesday,274,20200930,True,,0.0095992496323375,0.0,,,3.0,,All_Others
5691,40143,SEN,Senegal,2020-09-30,14945.0,310.0,,16743930,2470.58,0.505,Senegal,196190.0,2020-09-30,,,,,,2020-09-30,39,Sep,Wednesday,274,20200930,True,,0.0008925622598756,0.0,,,,,All_Others
5725,40380,SRB,Serbia,2020-09-30,33479.0,749.0,50.93,6804596,14048.881,0.787,Serbia,88361.0,2020-09-30,2020-09-30,Serbia,Candidate,88361.0,81.0,2020-09-30,39,Sep,Wednesday,274,20200930,True,0.378888876314211,0.0049200569732574,0.0,88361.0,77.00904245085502,3.0,,All_Others
5756,40599,SYC,Seychelles,2020-09-30,143.0,,36.11,98340,26382.287,0.797,Seychelles,455.0,2020-09-30,,,,,,2020-09-30,39,Sep,Wednesday,274,20200930,True,,0.0014541387024608,,,,2.0,,All_Others
5785,40801,SLE,Sierra Leone,2020-09-30,2222.0,72.0,29.63,7976985,1390.3,0.419,Sierra Leone,71740.0,2020-09-30,,,,,,2020-09-30,39,Sep,Wednesday,274,20200930,True,,0.0002785513574364,0.0,,,1.0,,All_Others
5827,41095,SGP,Singapore,2020-09-30,57742.0,27.0,54.63,5850343,85535.383,0.932,Singapore,693.0,2020-09-30,,,,,,2020-09-30,39,Sep,Wednesday,274,20200930,True,,0.0098698486567368,0.0,,,3.0,,All_Others
5859,41321,SXM,Sint Maarten (Dutch part),2020-09-30,659.0,22.0,,42882,36327.232,,Sint Maarten (Dutch part),34.0,2020-09-30,,,,,,2020-09-30,39,Sep,Wednesday,274,20200930,True,,0.0153677533697122,0.0,,,,,All_Others
5891,41549,SVK,Slovakia,2020-09-30,9574.0,45.0,28.7,5459643,30155.152,0.855,Slovakia,48845.0,2020-09-30,2020-09-30,Slovakia,Member,49035.0,111.0,2020-09-30,39,Sep,Wednesday,274,20200930,True,0.1952482920363006,0.0017535945115825,0.0,49035.0,111.34175588865097,1.0,Slovakia,EU
5923,41777,SVN,Slovenia,2020-09-30,5487.0,138.0,46.3,2078932,31400.84,0.896,Slovenia,20273.0,2020-09-30,2020-09-30,Slovenia,Member,20273.0,102.0,2020-09-30,39,Sep,Wednesday,274,20200930,True,0.2706555517190351,0.0026393359667367,0.0,20273.0,102.54683569279337,2.0,Slovenia,EU
5954,41998,SOM,Somalia,2020-09-30,3588.0,99.0,37.96,15893219,,,Somalia,637657.0,2020-09-30,,,,,,2020-09-30,39,Sep,Wednesday,274,20200930,True,,0.0002257566576034,0.0,,,2.0,,All_Others
5990,42254,ZAF,South Africa,2020-09-30,672572.0,16667.0,44.44,59308690,12294.876,0.699,South Africa,1219912.0,2020-09-30,,,,,,2020-09-30,39,Sep,Wednesday,274,20200930,True,,0.0113401931487611,0.0,,,2.0,South Africa,BRICS
6032,42548,KOR,South Korea,2020-09-30,23812.0,413.0,54.63,51269183,35938.374,0.903,South Korea,98480.0,2020-09-30,,,,,,2020-09-30,39,Sep,Wednesday,274,20200930,True,,0.000464450545272,0.0,,,3.0,,All_Others
6060,42745,SSD,South Sudan,2020-09-30,2700.0,49.0,38.89,11193729,1569.888,0.388,South Sudan,2505810.0,2020-09-30,,,,,,2020-09-30,39,Sep,Wednesday,274,20200930,True,,0.0002412064826654,0.0,,,2.0,,All_Others
6102,43039,ESP,Spain,2020-09-30,769188.0,31791.0,55.09,46754783,34272.36,0.891,Spain,504782.0,2020-09-30,2020-09-30,Spain,Member,504030.0,92.0,2020-09-30,39,Sep,Wednesday,274,20200930,True,1.5260758288197132,0.01645153609204,0.0,504030.0,92.7619050453346,3.0,Spain,EU
6144,43332,LKA,Sri Lanka,2020-09-30,3374.0,13.0,23.15,21413250,11669.077,0.77,Sri Lanka,65610.0,2020-09-30,,,,,,2020-09-30,39,Sep,Wednesday,274,20200930,True,,0.0001575659930183,0.0,,,1.0,,All_Others
6175,43552,SDN,Sudan,2020-09-30,13606.0,836.0,51.85,43849269,4466.507,0.502,Sudan,728200.0,2020-09-30,,,,,,2020-09-30,39,Sep,Wednesday,274,20200930,True,,0.000310290235397,0.1,,,3.0,,All_Others
6205,43766,SUR,Suriname,2020-09-30,4863.0,104.0,67.59,586634,13767.119,0.72,Suriname,163270.0,2020-09-30,,,,,,2020-09-30,39,Sep,Wednesday,274,20200930,True,,0.0082896661291367,0.0,,,3.0,,All_Others
6236,43985,SWZ,Swaziland,2020-09-30,5462.0,108.0,64.81,1160164,7738.975,0.588,Swaziland,17363.0,2020-09-30,,,,,,2020-09-30,39,Sep,Wednesday,274,20200930,True,,0.0047079550822125,0.0,,,3.0,,All_Others
6278,44279,SWE,Sweden,2020-09-30,93149.0,5883.0,37.04,10099270,46949.283,0.933,Sweden,449964.0,2020-09-30,2020-09-30,Sweden,Member,449964.0,22.0,2020-09-30,39,Sep,Wednesday,274,20200930,True,0.2070143389248917,0.0092233399047653,0.1,449964.0,22.444617791645555,2.0,Sweden,EU
6320,44570,CHE,Switzerland,2020-09-30,52751.0,1781.0,43.06,8654618,57410.166,0.944,Switzerland,41290.0,2020-09-30,2020-09-30,Switzerland,,41285.0,200.0,2020-09-30,39,Sep,Wednesday,274,20200930,True,1.277727988373501,0.0060951274799188,0.0,41285.0,209.63105244035364,2.0,,All_Others
6350,44781,SYR,Syria,2020-09-30,4148.0,197.0,53.7,17500657,,0.536,Syria,185180.0,2020-09-30,,,,,,2020-09-30,39,Sep,Wednesday,274,20200930,True,,0.0002370196730328,0.0,,,3.0,,All_Others
6392,45075,TWN,Taiwan,2020-09-30,514.0,7.0,19.44,23816775,,,Taiwan,35980.0,2020-09-30,,,,,,2020-09-30,39,Sep,Wednesday,274,20200930,True,,2.158142737629255e-05,0.0,,,1.0,,All_Others
6416,45247,TJK,Tajikistan,2020-09-30,9726.0,75.0,36.11,9537642,2896.913,0.65,Tajikistan,143100.0,2020-09-30,,,,,,2020-09-30,39,Sep,Wednesday,274,20200930,True,,0.0010197489064907,0.0,,,2.0,,All_Others
6447,45464,TZA,Tanzania,2020-09-30,509.0,21.0,8.33,59734213,2683.304,0.538,Tanzania,945087.0,2020-09-30,,,,,,2020-09-30,39,Sep,Wednesday,274,20200930,True,,8.52107987092757e-06,0.0,,,0.0,,All_Others
6489,45758,THA,Thailand,2020-09-30,3564.0,59.0,43.52,69799978,16277.671,0.755,Thailand,514000.0,2020-09-30,,,,,,2020-09-30,39,Sep,Wednesday,274,20200930,True,,5.106018801323977e-05,0.0,,,2.0,,All_Others
6519,45970,TLS,Timor,2020-09-30,28.0,,29.63,1318442,6570.102,0.625,Timor,15007.0,2020-09-30,,,,,,2020-09-30,39,Sep,Wednesday,274,20200930,True,,2.1237187528916705e-05,,,,1.0,,All_Others
6552,46200,TGO,Togo,2020-09-30,1759.0,48.0,47.22,8278737,1429.813,0.503,Togo,56785.0,2020-09-30,,,,,,2020-09-30,39,Sep,Wednesday,274,20200930,True,,0.0002124720232083,0.0,,,2.0,,All_Others
6583,46421,TTO,Trinidad and Tobago,2020-09-30,4463.0,74.0,80.56,1399491,28763.071,0.784,Trinidad and Tobago,5128.0,2020-09-30,,,,,,2020-09-30,39,Sep,Wednesday,274,20200930,True,,0.0031890165781702,0.0,,,4.0,,All_Others
6615,46647,TUN,Tunisia,2020-09-30,17405.0,246.0,24.07,11818618,10849.297,0.735,Tunisia,163610.0,2020-09-30,,,,,,2020-09-30,39,Sep,Wednesday,274,20200930,True,,0.0014726764161427,0.0,,,1.0,,All_Others
6646,46867,TUR,Turkey,2020-09-30,317272.0,8130.0,69.91,84339067,25129.341,0.791,Turkey,780580.0,2020-09-30,2020-09-30,Turkey,Candidate,783356.0,99.0,2020-09-30,39,Sep,Wednesday,274,20200930,True,0.4050163654838923,0.0037618628150107,0.0,783356.0,107.663778665128,3.0,,All_Others
6676,47076,TCA,Turks and Caicos Islands,2020-09-30,686.0,6.0,,38718,,,Turks and Caicos Islands,430.0,2020-09-30,,,,,,2020-09-30,39,Sep,Wednesday,274,20200930,True,,0.0177178573273412,0.0,,,,,All_Others
6706,47288,UGA,Uganda,2020-09-30,8017.0,75.0,73.15,45741000,1697.707,0.516,Uganda,236040.0,2020-09-30,,,,,,2020-09-30,39,Sep,Wednesday,274,20200930,True,,0.000175269451914,0.0,,,4.0,,All_Others
6739,47513,UKR,Ukraine,2020-09-30,204932.0,4065.0,58.8,43733759,7894.393,0.751,Ukraine,603700.0,2020-09-30,,,,,,2020-09-30,39,Sep,Wednesday,274,20200930,True,,0.0046858995130055,0.0,,,3.0,,All_Others
6781,47807,ARE,United Arab Emirates,2020-09-30,93090.0,416.0,52.78,9890400,67293.483,0.863,United Arab Emirates,82880.0,2020-09-30,,,,,,2020-09-30,39,Sep,Wednesday,274,20200930,True,,0.0094121572433875,0.0,,,3.0,,All_Others
6823,48101,GBR,United Kingdom,2020-09-30,446156.0,42072.0,67.59,67886004,39753.244,0.922,United Kingdom,244820.0,2020-09-30,2020-09-30,United Kingdom,Member,243610.0,266.0,2020-09-30,39,Sep,Wednesday,274,20200930,True,1.8314354911538933,0.0065721352519143,0.1,243610.0,278.6667378186445,3.0,United Kingdom,EU
6865,48395,USA,United States,2020-09-30,7191061.0,205998.0,62.5,331002647,54225.446,0.924,United States,9631420.0,2020-09-30,,,,,,2020-09-30,39,Sep,Wednesday,274,20200930,True,,0.0217250860836771,0.0,,,3.0,United States,US
6895,48605,VIR,United States Virgin Islands,2020-09-30,1318.0,20.0,,104423,,,United States Virgin Islands,1910.0,2020-09-30,,,,,,2020-09-30,39,Sep,Wednesday,274,20200930,True,,0.0126217404211715,0.0,,,,,All_Others
6926,48824,URY,Uruguay,2020-09-30,2033.0,48.0,37.96,3473727,20551.409,0.804,Uruguay,176220.0,2020-09-30,,,,,,2020-09-30,39,Sep,Wednesday,274,20200930,True,,0.0005852503665371,0.0,,,2.0,,All_Others
6957,49042,UZB,Uzbekistan,2020-09-30,56519.0,468.0,62.96,33469199,6253.104,0.71,Uzbekistan,447400.0,2020-09-30,,,,,,2020-09-30,39,Sep,Wednesday,274,20200930,True,,0.001688686962601,0.0,,,3.0,,All_Others
6988,49264,VAT,Vatican,2020-09-30,12.0,,,809,,,Vatican,0.2,2020-09-30,,,,,,2020-09-30,39,Sep,Wednesday,274,20200930,True,,0.0148331273176761,,,,,,All_Others
7019,49483,VEN,Venezuela,2020-09-30,74363.0,621.0,87.96,28435943,16745.022,0.761,Venezuela,912050.0,2020-09-30,,,,,,2020-09-30,39,Sep,Wednesday,274,20200930,True,,0.0026151058187168,0.0,,,4.0,,All_Others
7061,49777,VNM,Vietnam,2020-09-30,1094.0,35.0,51.85,97338583,6171.884,0.694,Vietnam,329560.0,2020-09-30,,,,,,2020-09-30,39,Sep,Wednesday,274,20200930,True,,1.1239119846238157e-05,0.0,,,3.0,,All_Others
7088,49970,YEM,Yemen,2020-09-30,2035.0,588.0,45.37,29825968,1479.147,0.452,Yemen,527970.0,2020-09-30,,,,,,2020-09-30,39,Sep,Wednesday,274,20200930,True,,6.822913509462627e-05,0.3,,,2.0,,All_Others
7118,50185,ZMB,Zambia,2020-09-30,14715.0,332.0,44.44,18383956,3689.251,0.588,Zambia,752614.0,2020-09-30,,,,,,2020-09-30,39,Sep,Wednesday,274,20200930,True,,0.0008004261977128,0.0,,,2.0,,All_Others
7148,50398,ZWE,Zimbabwe,2020-09-30,7837.0,228.0,76.85,14862927,1899.775,0.535,Zimbabwe,390580.0,2020-09-30,,,,,,2020-09-30,39,Sep,Wednesday,274,20200930,True,,0.0005272851033985,0.0,,,4.0,,All_Others
